2.16,Mbits/sec
6.68,Mbits/sec
9.67,Mbits/sec
11.6,Mbits/sec
13.6,Mbits/sec
11.1,Mbits/sec
14,Mbits/sec
14.5,Mbits/sec
14.8,Mbits/sec
13.1,Mbits/sec
9.15,Mbits/sec
14,Mbits/sec
7.59,Mbits/sec
9.58,Mbits/sec
10.7,Mbits/sec
12.2,Mbits/sec
9.04,Mbits/sec
9.81,Mbits/sec
12.1,Mbits/sec
11.2,Mbits/sec
12.6,Mbits/sec
11.8,Mbits/sec
6.03,Mbits/sec
16.4,Mbits/sec
13.1,Mbits/sec
9.8,Mbits/sec
10.5,Mbits/sec
6.89,Mbits/sec
5.03,Mbits/sec
7.46,Mbits/sec
5.51,Mbits/sec
5.24,Mbits/sec
2.48,Mbits/sec
6.12,Mbits/sec
7.4,Mbits/sec
8.32,Mbits/sec
6.02,Mbits/sec
9.21,Mbits/sec
9.68,Mbits/sec
7.66,Mbits/sec
8.76,Mbits/sec
9.59,Mbits/sec
9.72,Mbits/sec
9.85,Mbits/sec
12.3,Mbits/sec
13.2,Mbits/sec
14,Mbits/sec
10,Mbits/sec
13,Mbits/sec
8.85,Mbits/sec
11.1,Mbits/sec
11.1,Mbits/sec
8.84,Mbits/sec
12.7,Mbits/sec
11.3,Mbits/sec
11.5,Mbits/sec
14.3,Mbits/sec
10.5,Mbits/sec
11.7,Mbits/sec
12.2,Mbits/sec
7.36,Mbits/sec
9.08,Mbits/sec
7.26,Mbits/sec
5.88,Mbits/sec
6.24,Mbits/sec
6.73,Mbits/sec
249,Kbits/sec
5.07,Mbits/sec
7.38,Mbits/sec
7.35,Mbits/sec
6.53,Mbits/sec
6.6,Mbits/sec
5.25,Mbits/sec
5.76,Mbits/sec
4.15,Mbits/sec
1.67,Mbits/sec
7.53,Mbits/sec
4.9,Mbits/sec
4.8,Mbits/sec
5.94,Mbits/sec
5.51,Mbits/sec
5.32,Mbits/sec
5.39,Mbits/sec
5.38,Mbits/sec
5.16,Mbits/sec
4.04,Mbits/sec
3.05,Mbits/sec
3.68,Mbits/sec
4.66,Mbits/sec
5.64,Mbits/sec
5.32,Mbits/sec
5.85,Mbits/sec
5.32,Mbits/sec
5.59,Mbits/sec
5.84,Mbits/sec
5.5,Mbits/sec
3.77,Mbits/sec
3.93,Mbits/sec
5.01,Mbits/sec
5.04,Mbits/sec
6.14,Mbits/sec
6.67,Mbits/sec
6.11,Mbits/sec
5.17,Mbits/sec
4.77,Mbits/sec
5.68,Mbits/sec
4.09,Mbits/sec
5.47,Mbits/sec
5.19,Mbits/sec
6.74,Mbits/sec
5.44,Mbits/sec
5.66,Mbits/sec
6.43,Mbits/sec
6.25,Mbits/sec
6.2,Mbits/sec
5.24,Mbits/sec
3.09,Mbits/sec
5.92,Mbits/sec
7.04,Mbits/sec
5.09,Mbits/sec
3.26,Mbits/sec
3.01,Mbits/sec
3.4,Mbits/sec
2.68,Mbits/sec
3.69,Mbits/sec
2.9,Mbits/sec
3,Mbits/sec
4.56,Mbits/sec
3.72,Mbits/sec
3.37,Mbits/sec
4.15,Mbits/sec
4.03,Mbits/sec
4.26,Mbits/sec
4,Mbits/sec
4.58,Mbits/sec
4.34,Mbits/sec
4.58,Mbits/sec
5.33,Mbits/sec
5.48,Mbits/sec
4.24,Mbits/sec
5.04,Mbits/sec
2.98,Mbits/sec
4.79,Mbits/sec
5.55,Mbits/sec
5.2,Mbits/sec
5.28,Mbits/sec
6.03,Mbits/sec
5.37,Mbits/sec
4.73,Mbits/sec
5.37,Mbits/sec
5.44,Mbits/sec
5.35,Mbits/sec
7.17,Mbits/sec
7.07,Mbits/sec
7.45,Mbits/sec
7.43,Mbits/sec
4.39,Mbits/sec
6.06,Mbits/sec
7.33,Mbits/sec
8.13,Mbits/sec
8.65,Mbits/sec
5.95,Mbits/sec
9.47,Mbits/sec
8.54,Mbits/sec
7.68,Mbits/sec
9.1,Mbits/sec
9.26,Mbits/sec
7.96,Mbits/sec
9.78,Mbits/sec
5.09,Mbits/sec
6.87,Mbits/sec
3.68,Mbits/sec
6.68,Mbits/sec
6.09,Mbits/sec
7.57,Mbits/sec
6.99,Mbits/sec
6.08,Mbits/sec
8.37,Mbits/sec
8.6,Mbits/sec
7.51,Mbits/sec
7.22,Mbits/sec
8.54,Mbits/sec
10,Mbits/sec
9.53,Mbits/sec
8.95,Mbits/sec
9.51,Mbits/sec
9.13,Mbits/sec
6.82,Mbits/sec
9.8,Mbits/sec
7.8,Mbits/sec
8.91,Mbits/sec
8.35,Mbits/sec
8.21,Mbits/sec
7.76,Mbits/sec
9.88,Mbits/sec
8.15,Mbits/sec
9.66,Mbits/sec
7.82,Mbits/sec
8.43,Mbits/sec
8.87,Mbits/sec
6.48,Mbits/sec
6.19,Mbits/sec
6.22,Mbits/sec
6.5,Mbits/sec
6.59,Mbits/sec
5.74,Mbits/sec
6.12,Mbits/sec
6.13,Mbits/sec
8.03,Mbits/sec
7.54,Mbits/sec
8.49,Mbits/sec
6.95,Mbits/sec
4.77,Mbits/sec
8.07,Mbits/sec
7.77,Mbits/sec
6.83,Mbits/sec
7.7,Mbits/sec
8.35,Mbits/sec
6.52,Mbits/sec
9.05,Mbits/sec
8.36,Mbits/sec
7.52,Mbits/sec
7.85,Mbits/sec
8.02,Mbits/sec
5.67,Mbits/sec
10.2,Mbits/sec
8.76,Mbits/sec
8.26,Mbits/sec
8.45,Mbits/sec
8.7,Mbits/sec
7.17,Mbits/sec
7.14,Mbits/sec
6.67,Mbits/sec
8.09,Mbits/sec
8.32,Mbits/sec
6.93,Mbits/sec
8.12,Mbits/sec
7.76,Mbits/sec
5.43,Mbits/sec
6.76,Mbits/sec
3.99,Mbits/sec
3.43,Mbits/sec
4.53,Mbits/sec
4.83,Mbits/sec
5.06,Mbits/sec
4.17,Mbits/sec
6.21,Mbits/sec
4.67,Mbits/sec
6.29,Mbits/sec
3.63,Mbits/sec
4.86,Mbits/sec
5.77,Mbits/sec
6.48,Mbits/sec
7.11,Mbits/sec
6.55,Mbits/sec
7.31,Mbits/sec
4.52,Mbits/sec
7.2,Mbits/sec
5.57,Mbits/sec
6.41,Mbits/sec
6.5,Mbits/sec
6.77,Mbits/sec
6.37,Mbits/sec
5.88,Mbits/sec
6.56,Mbits/sec
7.11,Mbits/sec
8.65,Mbits/sec
8.46,Mbits/sec
7.43,Mbits/sec
13.6,Mbits/sec
10.4,Mbits/sec
14.4,Mbits/sec
13.8,Mbits/sec
14.8,Mbits/sec
14.3,Mbits/sec
13.2,Mbits/sec
14.6,Mbits/sec
7.47,Mbits/sec
12.2,Mbits/sec
19.1,Mbits/sec
14.9,Mbits/sec
14.2,Mbits/sec
14.6,Mbits/sec
14.4,Mbits/sec
12.7,Mbits/sec
15.5,Mbits/sec
14.1,Mbits/sec
14.3,Mbits/sec
13.3,Mbits/sec
15.8,Mbits/sec
14.2,Mbits/sec
13.8,Mbits/sec
14.1,Mbits/sec
14.2,Mbits/sec
13.8,Mbits/sec
13.9,Mbits/sec
15.3,Mbits/sec
14.9,Mbits/sec
14.9,Mbits/sec
14.5,Mbits/sec
14.8,Mbits/sec
14.4,Mbits/sec
10.9,Mbits/sec
21.6,Kbits/sec
0,bits/sec
0,bits/sec
0,bits/sec
0,bits/sec
0,bits/sec
0,bits/sec
0,bits/sec
1.87,Mbits/sec
0,bits/sec
0,bits/sec
0,bits/sec
0,bits/sec
0,bits/sec
0,bits/sec
0,bits/sec
0,bits/sec
23.4,Mbits/sec
10.3,Mbits/sec
7.37,Mbits/sec
3.22,Mbits/sec
7.01,Mbits/sec
9.19,Mbits/sec
11.4,Mbits/sec
10.9,Mbits/sec
10.8,Mbits/sec
11.3,Mbits/sec
9.47,Mbits/sec
10.6,Mbits/sec
10.8,Mbits/sec
13.4,Mbits/sec
9.49,Mbits/sec
6.8,Mbits/sec
11.2,Mbits/sec
9.74,Mbits/sec
10.7,Mbits/sec
9.87,Mbits/sec
7.13,Mbits/sec
9.32,Mbits/sec
4.53,Mbits/sec
8.71,Mbits/sec
5.37,Mbits/sec
6.13,Mbits/sec
7.39,Mbits/sec
5.36,Mbits/sec
7.26,Mbits/sec
8.65,Mbits/sec
8.76,Mbits/sec
9.69,Mbits/sec
9.48,Mbits/sec
9.73,Mbits/sec
10.3,Mbits/sec
10.8,Mbits/sec
9.61,Mbits/sec
11.2,Mbits/sec
6.84,Mbits/sec
7.76,Mbits/sec
1.62,Mbits/sec
6.8,Mbits/sec
7.53,Mbits/sec
7.99,Mbits/sec
8.62,Mbits/sec
9.38,Mbits/sec
9.97,Mbits/sec
8.28,Mbits/sec
10.2,Mbits/sec
11.2,Mbits/sec
13.2,Mbits/sec
12.2,Mbits/sec
11.7,Mbits/sec
108,Kbits/sec
9.56,Mbits/sec
6.37,Mbits/sec
5.87,Mbits/sec
7.86,Mbits/sec
5.48,Mbits/sec
8.88,Mbits/sec
11.7,Mbits/sec
11.2,Mbits/sec
13.6,Mbits/sec
15.4,Mbits/sec
12.5,Mbits/sec
8.88,Mbits/sec
9.99,Mbits/sec
9.22,Mbits/sec
8.71,Mbits/sec
10.6,Mbits/sec
13.5,Mbits/sec
11.2,Mbits/sec
11.4,Mbits/sec
12.5,Mbits/sec
13.9,Mbits/sec
12.7,Mbits/sec
12,Mbits/sec
13.6,Mbits/sec
15.4,Mbits/sec
14.2,Mbits/sec
13.2,Mbits/sec
15.7,Mbits/sec
12.5,Mbits/sec
13.9,Mbits/sec
11.7,Mbits/sec
12.3,Mbits/sec
11.3,Mbits/sec
13.9,Mbits/sec
12.3,Mbits/sec
15.5,Mbits/sec
13.7,Mbits/sec
14.3,Mbits/sec
14.4,Mbits/sec
14.8,Mbits/sec
13.8,Mbits/sec
13.5,Mbits/sec
13,Mbits/sec
13.1,Mbits/sec
15.6,Mbits/sec
14.4,Mbits/sec
13.5,Mbits/sec
7.7,Mbits/sec
19.6,Mbits/sec
13.5,Mbits/sec
16.6,Mbits/sec
15,Mbits/sec
14.1,Mbits/sec
15.3,Mbits/sec
15.3,Mbits/sec
14.4,Mbits/sec
15.5,Mbits/sec
15.7,Mbits/sec
15.5,Mbits/sec
14.7,Mbits/sec
15.3,Mbits/sec
15.6,Mbits/sec
15.3,Mbits/sec
15.4,Mbits/sec
14.4,Mbits/sec
13.8,Mbits/sec
11.1,Mbits/sec
15.5,Mbits/sec
13.2,Mbits/sec
14.5,Mbits/sec
14,Mbits/sec
13.3,Mbits/sec
16,Mbits/sec
13.5,Mbits/sec
15,Mbits/sec
11.9,Mbits/sec
14.2,Mbits/sec
12.3,Mbits/sec
13.7,Mbits/sec
13.8,Mbits/sec
8.46,Mbits/sec
12.3,Mbits/sec
11.5,Mbits/sec
11.9,Mbits/sec
11.2,Mbits/sec
13.4,Mbits/sec
13.4,Mbits/sec
14.2,Mbits/sec
6.3,Mbits/sec
2.21,Mbits/sec
14.7,Mbits/sec
10.1,Mbits/sec
8.3,Mbits/sec
12.9,Mbits/sec
14.4,Mbits/sec
11.9,Mbits/sec
10.5,Mbits/sec
11.7,Mbits/sec
11.5,Mbits/sec
11.1,Mbits/sec
10.8,Mbits/sec
9.79,Mbits/sec
8.96,Mbits/sec
5.56,Mbits/sec
8.23,Mbits/sec
6.58,Mbits/sec
6.69,Mbits/sec
3.98,Mbits/sec
8.14,Mbits/sec
7.38,Mbits/sec
6.5,Mbits/sec
9.17,Mbits/sec
11.2,Mbits/sec
9.74,Mbits/sec
6.75,Mbits/sec
6.09,Mbits/sec
6.94,Mbits/sec
6.95,Mbits/sec
6.87,Mbits/sec
7.16,Mbits/sec
15.1,Mbits/sec
14.6,Mbits/sec
13.6,Mbits/sec
12.2,Mbits/sec
8.37,Mbits/sec
5.24,Mbits/sec
15.8,Mbits/sec
14.7,Mbits/sec
14.5,Mbits/sec
14.2,Mbits/sec
13.5,Mbits/sec
15.3,Mbits/sec
14.2,Mbits/sec
15.1,Mbits/sec
13.6,Mbits/sec
4.82,Mbits/sec
19.2,Mbits/sec
13.7,Mbits/sec
14.7,Mbits/sec
15.1,Mbits/sec
14.2,Mbits/sec
15.9,Mbits/sec
15.3,Mbits/sec
14.8,Mbits/sec
14.1,Mbits/sec
14.9,Mbits/sec
15.8,Mbits/sec
15.9,Mbits/sec
15.2,Mbits/sec
15.9,Mbits/sec
14,Mbits/sec
14.1,Mbits/sec
15.5,Mbits/sec
13.2,Mbits/sec
9.93,Mbits/sec
10.7,Mbits/sec
13,Mbits/sec
14.8,Mbits/sec
13.1,Mbits/sec
14.8,Mbits/sec
14.9,Mbits/sec
14.8,Mbits/sec
15.4,Mbits/sec
10.6,Mbits/sec
18.5,Mbits/sec
14.2,Mbits/sec
14.7,Mbits/sec
14.8,Mbits/sec
14.7,Mbits/sec
13.9,Mbits/sec
14.7,Mbits/sec
14.2,Mbits/sec
15.6,Mbits/sec
14.8,Mbits/sec
14,Mbits/sec
14.8,Mbits/sec
15.7,Mbits/sec
15.5,Mbits/sec
14.5,Mbits/sec
14.7,Mbits/sec
14.8,Mbits/sec
3.75,Mbits/sec
21,Mbits/sec
14.8,Mbits/sec
16.1,Mbits/sec
15.5,Mbits/sec
14.6,Mbits/sec
16.2,Mbits/sec
15.8,Mbits/sec
15.4,Mbits/sec
12.5,Mbits/sec
3.81,Mbits/sec
8.48,Mbits/sec
2.93,Mbits/sec
6.53,Mbits/sec
6.47,Mbits/sec
5.42,Mbits/sec
5.02,Mbits/sec
3.9,Mbits/sec
5.6,Mbits/sec
3.56,Mbits/sec
3.44,Mbits/sec
3.94,Mbits/sec
3.21,Mbits/sec
2.69,Mbits/sec
3.94,Mbits/sec
3.9,Mbits/sec
4.12,Mbits/sec
5.38,Mbits/sec
4.47,Mbits/sec
4.08,Mbits/sec
5.15,Mbits/sec
4.91,Mbits/sec
7.09,Mbits/sec
7.71,Mbits/sec
9.12,Mbits/sec
9.37,Mbits/sec
4.1,Mbits/sec
2.11,Mbits/sec
13.9,Mbits/sec
3.86,Mbits/sec
412,Kbits/sec
16.3,Mbits/sec
5.23,Mbits/sec
780,Kbits/sec
0,bits/sec
15.5,Mbits/sec
4.66,Mbits/sec
4.21,Mbits/sec
5.32,Mbits/sec
4.53,Mbits/sec
4.71,Mbits/sec
5.29,Mbits/sec
5.44,Mbits/sec
5.19,Mbits/sec
4.96,Mbits/sec
4.27,Mbits/sec
8.69,Mbits/sec
7.51,Mbits/sec
1.7,Mbits/sec
0,bits/sec
12.2,Mbits/sec
3.83,Mbits/sec
3.75,Mbits/sec
3.86,Mbits/sec
5.13,Mbits/sec
2.82,Mbits/sec
7.19,Mbits/sec
12.1,Mbits/sec
14,Mbits/sec
13.4,Mbits/sec
14.3,Mbits/sec
15.1,Mbits/sec
9.01,Mbits/sec
11.3,Mbits/sec
9.6,Mbits/sec
12.6,Mbits/sec
11.8,Mbits/sec
11.7,Mbits/sec
8.77,Mbits/sec
9.42,Mbits/sec
9.59,Mbits/sec
6.4,Mbits/sec
4.67,Mbits/sec
6.65,Mbits/sec
6.62,Mbits/sec
9.03,Mbits/sec
6.94,Mbits/sec
9.12,Mbits/sec
6.45,Mbits/sec
7.82,Mbits/sec
7.73,Mbits/sec
8.3,Mbits/sec
4.53,Mbits/sec
0,bits/sec
0,bits/sec
10.8,Kbits/sec
18.9,Mbits/sec
1.23,Mbits/sec
2.06,Mbits/sec
1.73,Mbits/sec
1.35,Mbits/sec
1.64,Mbits/sec
921,Kbits/sec
97.4,Kbits/sec
4.39,Mbits/sec
1.92,Mbits/sec
1.88,Mbits/sec
2.27,Mbits/sec
0,bits/sec
3.05,Mbits/sec
4.92,Mbits/sec
4.61,Mbits/sec
4.92,Mbits/sec
4.98,Mbits/sec
5.19,Mbits/sec
9.09,Mbits/sec
7.97,Mbits/sec
8.44,Mbits/sec
7.59,Mbits/sec
4.23,Mbits/sec
5.59,Mbits/sec
4.47,Mbits/sec
4.53,Mbits/sec
4.96,Mbits/sec
2.33,Mbits/sec
4.69,Mbits/sec
1.27,Mbits/sec
2.27,Mbits/sec
3.6,Mbits/sec
4.33,Mbits/sec
3.96,Mbits/sec
4.89,Mbits/sec
4.71,Mbits/sec
4.99,Mbits/sec
3.99,Mbits/sec
4.98,Mbits/sec
5.75,Mbits/sec
5.56,Mbits/sec
5.59,Mbits/sec
5.8,Mbits/sec
5.3,Mbits/sec
6.66,Mbits/sec
6.15,Mbits/sec
6.49,Mbits/sec
6.26,Mbits/sec
5.95,Mbits/sec
5.48,Mbits/sec
5.2,Mbits/sec
6.32,Mbits/sec
6.07,Mbits/sec
5.52,Mbits/sec
5.59,Mbits/sec
5.23,Mbits/sec
8.02,Mbits/sec
9.33,Mbits/sec
9.39,Mbits/sec
8.8,Mbits/sec
8.62,Mbits/sec
8.57,Mbits/sec
8.39,Mbits/sec
7.41,Mbits/sec
4.84,Mbits/sec
8.08,Mbits/sec
5.96,Mbits/sec
6.69,Mbits/sec
7.78,Mbits/sec
7.2,Mbits/sec
7.72,Mbits/sec
7.2,Mbits/sec
7.75,Mbits/sec
9.99,Mbits/sec
9.04,Mbits/sec
9.37,Mbits/sec
7.52,Mbits/sec
8.24,Mbits/sec
7.39,Mbits/sec
7.18,Mbits/sec
9.64,Mbits/sec
9.42,Mbits/sec
9.81,Mbits/sec
10.1,Mbits/sec
10.4,Mbits/sec
9.89,Mbits/sec
10.6,Mbits/sec
10.4,Mbits/sec
9.94,Mbits/sec
9.94,Mbits/sec
9.9,Mbits/sec
8.91,Mbits/sec
8.81,Mbits/sec
3.38,Mbits/sec
2.06,Mbits/sec
6.77,Mbits/sec
5.73,Mbits/sec
5.39,Mbits/sec
6.89,Mbits/sec
6.94,Mbits/sec
7.17,Mbits/sec
9.13,Mbits/sec
5.41,Mbits/sec
2.02,Mbits/sec
2.48,Mbits/sec
4.12,Mbits/sec
8.48,Mbits/sec
10.4,Mbits/sec
10.2,Mbits/sec
7.86,Mbits/sec
8.8,Mbits/sec
7.09,Mbits/sec
5.48,Mbits/sec
1.08,Mbits/sec
7.38,Mbits/sec
3.23,Mbits/sec
8.62,Mbits/sec
5.59,Mbits/sec
6.22,Mbits/sec
6.33,Mbits/sec
4.78,Mbits/sec
4.94,Mbits/sec
6.29,Mbits/sec
5.58,Mbits/sec
6.11,Mbits/sec
7.33,Mbits/sec
6.11,Mbits/sec
4.2,Mbits/sec
5.07,Mbits/sec
5.24,Mbits/sec
8.28,Mbits/sec
6.24,Mbits/sec
5.54,Mbits/sec
8.95,Mbits/sec
6.42,Mbits/sec
7.1,Mbits/sec
1.54,Mbits/sec
1.97,Mbits/sec
7.71,Mbits/sec
3.43,Mbits/sec
3.01,Mbits/sec
3.57,Mbits/sec
5.22,Mbits/sec
5.07,Mbits/sec
5.69,Mbits/sec
5.82,Mbits/sec
6.62,Mbits/sec
5.32,Mbits/sec
6.34,Mbits/sec
7.08,Mbits/sec
7.54,Mbits/sec
8.36,Mbits/sec
7.39,Mbits/sec
7.19,Mbits/sec
7.64,Mbits/sec
6.22,Mbits/sec
7.51,Mbits/sec
6.94,Mbits/sec
7.31,Mbits/sec
7.21,Mbits/sec
7.42,Mbits/sec
7.83,Mbits/sec
4.79,Mbits/sec
6.55,Mbits/sec
5.39,Mbits/sec
5.88,Mbits/sec
6.22,Mbits/sec
5.64,Mbits/sec
6.17,Mbits/sec
5.48,Mbits/sec
7.46,Mbits/sec
7.93,Mbits/sec
6.77,Mbits/sec
7.37,Mbits/sec
5.62,Mbits/sec
6.66,Mbits/sec
4.79,Mbits/sec
4.48,Mbits/sec
6.35,Mbits/sec
5.44,Mbits/sec
5.55,Mbits/sec
5.84,Mbits/sec
7.07,Mbits/sec
7.09,Mbits/sec
5.56,Mbits/sec
3.36,Mbits/sec
6.15,Mbits/sec
5.3,Mbits/sec
7.41,Mbits/sec
6.33,Mbits/sec
5.41,Mbits/sec
5.9,Mbits/sec
5.77,Mbits/sec
6.41,Mbits/sec
5.72,Mbits/sec
7.16,Mbits/sec
5.85,Mbits/sec
5.9,Mbits/sec
5.85,Mbits/sec
6.09,Mbits/sec
6,Mbits/sec
6.06,Mbits/sec
6.36,Mbits/sec
5.58,Mbits/sec
4.07,Mbits/sec
4.59,Mbits/sec
5.42,Mbits/sec
5.48,Mbits/sec
4.94,Mbits/sec
4.85,Mbits/sec
4.45,Mbits/sec
2.37,Mbits/sec
6.25,Mbits/sec
4.68,Mbits/sec
5.3,Mbits/sec
2.6,Mbits/sec
6.75,Mbits/sec
5.12,Mbits/sec
4.52,Mbits/sec
2.92,Mbits/sec
6.28,Mbits/sec
4.01,Mbits/sec
4.38,Mbits/sec
4.29,Mbits/sec
4.31,Mbits/sec
5.03,Mbits/sec
4.77,Mbits/sec
5.03,Mbits/sec
5.43,Mbits/sec
5.15,Mbits/sec
2.59,Mbits/sec
4.29,Mbits/sec
1.04,Mbits/sec
4.72,Mbits/sec
3.65,Mbits/sec
4.17,Mbits/sec
4.78,Mbits/sec
5.08,Mbits/sec
5.78,Mbits/sec
5.75,Mbits/sec
3.39,Mbits/sec
5.69,Mbits/sec
5.57,Mbits/sec
5.3,Mbits/sec
5.21,Mbits/sec
3.11,Mbits/sec
5,Mbits/sec
3.27,Mbits/sec
2.47,Mbits/sec
3.85,Mbits/sec
4.73,Mbits/sec
5.58,Mbits/sec
3.9,Mbits/sec
4.9,Mbits/sec
4.59,Mbits/sec
5.2,Mbits/sec
6.32,Mbits/sec
5.97,Mbits/sec
6.27,Mbits/sec
6,Mbits/sec
7.76,Mbits/sec
6.12,Mbits/sec
5.63,Mbits/sec
1.65,Mbits/sec
4.37,Mbits/sec
3.95,Mbits/sec
5.56,Mbits/sec
4.77,Mbits/sec
6.99,Mbits/sec
6.48,Mbits/sec
5.77,Mbits/sec
8.46,Mbits/sec
7.98,Mbits/sec
5.39,Mbits/sec
6.17,Mbits/sec
7.2,Mbits/sec
7.79,Mbits/sec
8.48,Mbits/sec
8.25,Mbits/sec
7.3,Mbits/sec
6.69,Mbits/sec
6.55,Mbits/sec
10.6,Mbits/sec
10.9,Mbits/sec
9.63,Mbits/sec
9.65,Mbits/sec
9.89,Mbits/sec
8.62,Mbits/sec
9.65,Mbits/sec
6.77,Mbits/sec
4.73,Mbits/sec
7.02,Mbits/sec
5.54,Mbits/sec
4.45,Mbits/sec
9.76,Mbits/sec
9.06,Mbits/sec
9.59,Mbits/sec
12.2,Mbits/sec
10.7,Mbits/sec
7.89,Mbits/sec
8.1,Mbits/sec
9.2,Mbits/sec
8.71,Mbits/sec
5.35,Mbits/sec
6.07,Mbits/sec
9.41,Mbits/sec
9.98,Mbits/sec
9.11,Mbits/sec
11.2,Mbits/sec
9.21,Mbits/sec
11.1,Mbits/sec
10.2,Mbits/sec
12.1,Mbits/sec
2.25,Mbits/sec
7.03,Mbits/sec
10.5,Mbits/sec
12.5,Mbits/sec
11.4,Mbits/sec
11.9,Mbits/sec
11.8,Mbits/sec
11.6,Mbits/sec
11.4,Mbits/sec
10.4,Mbits/sec
8.83,Mbits/sec
7.82,Mbits/sec
10.7,Mbits/sec
10.6,Mbits/sec
12.1,Mbits/sec
12,Mbits/sec
11.9,Mbits/sec
12,Mbits/sec
12.1,Mbits/sec
11.8,Mbits/sec
13.4,Mbits/sec
9.47,Mbits/sec
9,Mbits/sec
12.5,Mbits/sec
12.6,Mbits/sec
11.6,Mbits/sec
13.2,Mbits/sec
12.9,Mbits/sec
13,Mbits/sec
12.9,Mbits/sec
13.1,Mbits/sec
13,Mbits/sec
12.4,Mbits/sec
12.1,Mbits/sec
11.8,Mbits/sec
12.2,Mbits/sec
12.5,Mbits/sec
11.3,Mbits/sec
11.7,Mbits/sec
11.4,Mbits/sec
9.4,Mbits/sec
9.54,Mbits/sec
12.8,Mbits/sec
11.4,Mbits/sec
12.8,Mbits/sec
11.9,Mbits/sec
14,Mbits/sec
13.6,Mbits/sec
13.8,Mbits/sec
13.9,Mbits/sec
10.2,Mbits/sec
16.6,Mbits/sec
13.2,Mbits/sec
12.4,Mbits/sec
13.7,Mbits/sec
14.9,Mbits/sec
12.3,Mbits/sec
14.4,Mbits/sec
13.7,Mbits/sec
13.3,Mbits/sec
13.7,Mbits/sec
13,Mbits/sec
13.7,Mbits/sec
13.7,Mbits/sec
13.3,Mbits/sec
12.4,Mbits/sec
14.7,Mbits/sec
13.6,Mbits/sec
12.8,Mbits/sec
13.2,Mbits/sec
14.2,Mbits/sec
12.8,Mbits/sec
13.7,Mbits/sec
12.3,Mbits/sec
12,Mbits/sec
14.2,Mbits/sec
13.6,Mbits/sec
12.5,Mbits/sec
14.3,Mbits/sec
12.4,Mbits/sec
11,Mbits/sec
10.2,Mbits/sec
6.07,Mbits/sec
9.27,Mbits/sec
227,Kbits/sec
8.54,Mbits/sec
4.46,Mbits/sec
5.27,Mbits/sec
4.66,Mbits/sec
541,Kbits/sec
4.94,Mbits/sec
2.32,Mbits/sec
2.29,Mbits/sec
1.85,Mbits/sec
1.72,Mbits/sec
2.53,Mbits/sec
3.76,Mbits/sec
4.83,Mbits/sec
4.16,Mbits/sec
5.48,Mbits/sec
5.24,Mbits/sec
7.51,Mbits/sec
6.46,Mbits/sec
8.17,Mbits/sec
9.99,Mbits/sec
8.1,Mbits/sec
6.65,Mbits/sec
9.45,Mbits/sec
12.1,Mbits/sec
12.8,Mbits/sec
14.8,Mbits/sec
12.5,Mbits/sec
14.3,Mbits/sec
14.3,Mbits/sec
12.9,Mbits/sec
12.8,Mbits/sec
13.4,Mbits/sec
14.6,Mbits/sec
13.9,Mbits/sec
10.4,Mbits/sec
9,Mbits/sec
3.07,Mbits/sec
5.35,Mbits/sec
6.53,Mbits/sec
10.9,Mbits/sec
11.9,Mbits/sec
12.6,Mbits/sec
12.9,Mbits/sec
10.9,Mbits/sec
12.7,Mbits/sec
12.8,Mbits/sec
12.8,Mbits/sec
10.3,Mbits/sec
14.8,Mbits/sec
11.9,Mbits/sec
12.1,Mbits/sec
10.7,Mbits/sec
11.4,Mbits/sec
13.2,Mbits/sec
12.7,Mbits/sec
12.7,Mbits/sec
13.5,Mbits/sec
12.5,Mbits/sec
11.2,Mbits/sec
12.4,Mbits/sec
11.3,Mbits/sec
11.2,Mbits/sec
12.3,Mbits/sec
11.4,Mbits/sec
11.1,Mbits/sec
11.6,Mbits/sec
7.09,Mbits/sec
16.4,Mbits/sec
12.3,Mbits/sec
14.4,Mbits/sec
15.8,Mbits/sec
15.4,Mbits/sec
15.5,Mbits/sec
14.9,Mbits/sec
14.8,Mbits/sec
12.8,Mbits/sec
14.7,Mbits/sec
14.9,Mbits/sec
13.5,Mbits/sec
15.6,Mbits/sec
14.5,Mbits/sec
15,Mbits/sec
15.6,Mbits/sec
15.4,Mbits/sec
9.64,Mbits/sec
18,Mbits/sec
14.7,Mbits/sec
14.7,Mbits/sec
14.9,Mbits/sec
14.8,Mbits/sec
14.6,Mbits/sec
14.3,Mbits/sec
11.6,Mbits/sec
10.1,Mbits/sec
13.8,Mbits/sec
12.8,Mbits/sec
11.6,Mbits/sec
13.4,Mbits/sec
15.5,Mbits/sec
12.6,Mbits/sec
11.5,Mbits/sec
9.08,Mbits/sec
14.4,Mbits/sec
13.7,Mbits/sec
13.1,Mbits/sec
14.1,Mbits/sec
13.5,Mbits/sec
11.4,Mbits/sec
11.4,Mbits/sec
11.4,Mbits/sec
10.8,Mbits/sec
13.3,Mbits/sec
9.16,Mbits/sec
10.7,Mbits/sec
9.33,Mbits/sec
12.5,Mbits/sec
8.52,Mbits/sec
12.5,Mbits/sec
13.7,Mbits/sec
12.4,Mbits/sec
13.4,Mbits/sec
13.1,Mbits/sec
12.2,Mbits/sec
13.2,Mbits/sec
12.3,Mbits/sec
13.5,Mbits/sec
12.2,Mbits/sec
11.8,Mbits/sec
14.6,Mbits/sec
12.2,Mbits/sec
14.4,Mbits/sec
12.4,Mbits/sec
12.1,Mbits/sec
12.2,Mbits/sec
10.7,Mbits/sec
12.3,Mbits/sec
9.78,Mbits/sec
14,Mbits/sec
15.5,Mbits/sec
14.3,Mbits/sec
15.3,Mbits/sec
15,Mbits/sec
16.3,Mbits/sec
15.2,Mbits/sec
15.2,Mbits/sec
16.4,Mbits/sec
15.7,Mbits/sec
15.5,Mbits/sec
15.7,Mbits/sec
15.4,Mbits/sec
15.5,Mbits/sec
15.7,Mbits/sec
15.1,Mbits/sec
15.2,Mbits/sec
15.9,Mbits/sec
14.6,Mbits/sec
8.55,Mbits/sec
18.3,Mbits/sec
14.8,Mbits/sec
15.4,Mbits/sec
16,Mbits/sec
12,Mbits/sec
14.4,Mbits/sec
14.6,Mbits/sec
15.8,Mbits/sec
15.5,Mbits/sec
15.7,Mbits/sec
15.3,Mbits/sec
15.4,Mbits/sec
15.7,Mbits/sec
14.4,Mbits/sec
14.5,Mbits/sec
17,Mbits/sec
15.5,Mbits/sec
15.1,Mbits/sec
16.2,Mbits/sec
14.7,Mbits/sec
16.6,Mbits/sec
15.8,Mbits/sec
13.5,Mbits/sec
6.85,Mbits/sec
20.9,Mbits/sec
15.7,Mbits/sec
15.7,Mbits/sec
9.27,Mbits/sec
19.2,Mbits/sec
15.3,Mbits/sec
15.4,Mbits/sec
14.3,Mbits/sec
16.3,Mbits/sec
15.3,Mbits/sec
13.7,Mbits/sec
15.9,Mbits/sec
14.4,Mbits/sec
16,Mbits/sec
15.6,Mbits/sec
15.1,Mbits/sec
14.7,Mbits/sec
15.9,Mbits/sec
15.2,Mbits/sec
14.9,Mbits/sec
15.3,Mbits/sec
14.8,Mbits/sec
15.7,Mbits/sec
15.5,Mbits/sec
15.1,Mbits/sec
15.5,Mbits/sec
15.7,Mbits/sec
15.3,Mbits/sec
4.3,Mbits/sec
18.7,Mbits/sec
5.09,Mbits/sec
23.4,Mbits/sec
15.4,Mbits/sec
15.4,Mbits/sec
13.5,Mbits/sec
17.2,Mbits/sec
15.2,Mbits/sec
15.3,Mbits/sec
14.6,Mbits/sec
15.2,Mbits/sec
14.7,Mbits/sec
14.7,Mbits/sec
14.6,Mbits/sec
16.1,Mbits/sec
15.7,Mbits/sec
15.3,Mbits/sec
15.9,Mbits/sec
3.57,Mbits/sec
20.7,Mbits/sec
14.4,Mbits/sec
15.7,Mbits/sec
16.5,Mbits/sec
14.2,Mbits/sec
2.55,Mbits/sec
20.8,Mbits/sec
14.5,Mbits/sec
16.6,Mbits/sec
15.1,Mbits/sec
15.7,Mbits/sec
14.5,Mbits/sec
14.7,Mbits/sec
13.3,Mbits/sec
16.6,Mbits/sec
15.6,Mbits/sec
15,Mbits/sec
15.5,Mbits/sec
15.4,Mbits/sec
14.4,Mbits/sec
13.1,Mbits/sec
9.39,Mbits/sec
20.4,Mbits/sec
16.1,Mbits/sec
15.2,Mbits/sec
15.3,Mbits/sec
14.7,Mbits/sec
15,Mbits/sec
13.3,Mbits/sec
16.1,Mbits/sec
15.8,Mbits/sec
15.7,Mbits/sec
14.7,Mbits/sec
16,Mbits/sec
15.4,Mbits/sec
14.6,Mbits/sec
16.1,Mbits/sec
15.3,Mbits/sec
10.1,Mbits/sec
17.3,Mbits/sec
14,Mbits/sec
15.4,Mbits/sec
15.7,Mbits/sec
14.4,Mbits/sec
15.7,Mbits/sec
9.38,Mbits/sec
14.7,Mbits/sec
16.5,Mbits/sec
14.8,Mbits/sec
17.1,Mbits/sec
15.2,Mbits/sec
16.1,Mbits/sec
13.9,Mbits/sec
16.2,Mbits/sec
15.8,Mbits/sec
16.6,Mbits/sec
15.3,Mbits/sec
15.7,Mbits/sec
14.1,Mbits/sec
16.1,Mbits/sec
14.2,Mbits/sec
16,Mbits/sec
15.5,Mbits/sec
15.3,Mbits/sec
6.68,Mbits/sec
15.3,Mbits/sec
17.7,Mbits/sec
15.4,Mbits/sec
9.42,Mbits/sec
18.6,Mbits/sec
14.9,Mbits/sec
16.3,Mbits/sec
15.1,Mbits/sec
16.2,Mbits/sec
15.4,Mbits/sec
15.5,Mbits/sec
15,Mbits/sec
15.2,Mbits/sec
14.2,Mbits/sec
15.6,Mbits/sec
16.3,Mbits/sec
15.1,Mbits/sec
14.4,Mbits/sec
16.2,Mbits/sec
14.6,Mbits/sec
13.6,Mbits/sec
4.96,Mbits/sec
19.9,Mbits/sec
9.26,Mbits/sec
43.3,Kbits/sec
16.2,Mbits/sec
7.22,Mbits/sec
7.67,Mbits/sec
6.37,Mbits/sec
7.64,Mbits/sec
5.74,Mbits/sec
9.51,Mbits/sec
11.7,Mbits/sec
11,Mbits/sec
9.04,Mbits/sec
12.1,Mbits/sec
10.9,Mbits/sec
10.6,Mbits/sec
11.2,Mbits/sec
10.5,Mbits/sec
12.3,Mbits/sec
11.4,Mbits/sec
12,Mbits/sec
11.1,Mbits/sec
11,Mbits/sec
12.2,Mbits/sec
9.46,Mbits/sec
10.9,Mbits/sec
11,Mbits/sec
11.6,Mbits/sec
11.5,Mbits/sec
11.5,Mbits/sec
10.1,Mbits/sec
9.54,Mbits/sec
13.5,Mbits/sec
12.3,Mbits/sec
13,Mbits/sec
10.3,Mbits/sec
12.7,Mbits/sec
14.1,Mbits/sec
11.6,Mbits/sec
12.1,Mbits/sec
12.5,Mbits/sec
12.9,Mbits/sec
11.4,Mbits/sec
10.4,Mbits/sec
10.6,Mbits/sec
11,Mbits/sec
11.6,Mbits/sec
14.4,Mbits/sec
12,Mbits/sec
12.2,Mbits/sec
7.02,Mbits/sec
11.1,Mbits/sec
10.2,Mbits/sec
6.58,Mbits/sec
11.9,Mbits/sec
12.4,Mbits/sec
13.8,Mbits/sec
12,Mbits/sec
10.7,Mbits/sec
8.69,Mbits/sec
11.2,Mbits/sec
12,Mbits/sec
10.5,Mbits/sec
11,Mbits/sec
10.8,Mbits/sec
11.8,Mbits/sec
12.8,Mbits/sec
14,Mbits/sec
9.8,Mbits/sec
9.62,Mbits/sec
9.38,Mbits/sec
14.8,Mbits/sec
10.7,Mbits/sec
9.39,Mbits/sec
12,Mbits/sec
10,Mbits/sec
11.1,Mbits/sec
10.7,Mbits/sec
10.7,Mbits/sec
9.66,Mbits/sec
7.89,Mbits/sec
7.83,Mbits/sec
6.8,Mbits/sec
2.9,Mbits/sec
3.09,Mbits/sec
531,Kbits/sec
3.38,Mbits/sec
5.34,Mbits/sec
4.94,Mbits/sec
3.2,Mbits/sec
3.69,Mbits/sec
9.47,Mbits/sec
9.13,Mbits/sec
9.75,Mbits/sec
9.64,Mbits/sec
9.47,Mbits/sec
6.11,Mbits/sec
12.2,Mbits/sec
11.7,Mbits/sec
9.78,Mbits/sec
9,Mbits/sec
9.23,Mbits/sec
9.46,Mbits/sec
6.86,Mbits/sec
8.12,Mbits/sec
7.69,Mbits/sec
4.97,Mbits/sec
217,Kbits/sec
357,Kbits/sec
0,bits/sec
0,bits/sec
0,bits/sec
0,bits/sec
0,bits/sec
32.5,Kbits/sec
4.31,Mbits/sec
173,Kbits/sec
2.72,Mbits/sec
2.47,Mbits/sec
2.35,Mbits/sec
3.05,Mbits/sec
3.03,Mbits/sec
3.11,Mbits/sec
3.13,Mbits/sec
2.96,Mbits/sec
2.25,Mbits/sec
2.95,Mbits/sec
2.51,Mbits/sec
2.76,Mbits/sec
2.47,Mbits/sec
1.95,Mbits/sec
1.13,Mbits/sec
2.12,Mbits/sec
1.53,Mbits/sec
2.25,Mbits/sec
1.72,Mbits/sec
2.29,Mbits/sec
1.86,Mbits/sec
2.78,Mbits/sec
2.27,Mbits/sec
2.94,Mbits/sec
2.66,Mbits/sec
2.73,Mbits/sec
2.08,Mbits/sec
2.03,Mbits/sec
1.06,Mbits/sec
2.06,Mbits/sec
1.93,Mbits/sec
845,Kbits/sec
2.64,Mbits/sec
791,Kbits/sec
2.18,Mbits/sec
4.03,Mbits/sec
3.1,Mbits/sec
3.81,Mbits/sec
3.27,Mbits/sec
3.01,Mbits/sec
3.38,Mbits/sec
4.86,Mbits/sec
3.48,Mbits/sec
3.86,Mbits/sec
3.46,Mbits/sec
4.11,Mbits/sec
4.48,Mbits/sec
3.82,Mbits/sec
9.34,Mbits/sec
10.5,Mbits/sec
9,Mbits/sec
7.9,Mbits/sec
10.2,Mbits/sec
11,Mbits/sec
13.4,Mbits/sec
10.7,Mbits/sec
12.4,Mbits/sec
12.4,Mbits/sec
13.1,Mbits/sec
13,Mbits/sec
13.4,Mbits/sec
13.3,Mbits/sec
13.4,Mbits/sec
11.9,Mbits/sec
15.1,Mbits/sec
14.1,Mbits/sec
12.8,Mbits/sec
11.7,Mbits/sec
13.8,Mbits/sec
8.48,Mbits/sec
16.7,Mbits/sec
12.7,Mbits/sec
11.9,Mbits/sec
14.3,Mbits/sec
13.4,Mbits/sec
12.1,Mbits/sec
13.1,Mbits/sec
13.3,Mbits/sec
13.1,Mbits/sec
13.1,Mbits/sec
14.2,Mbits/sec
14.2,Mbits/sec
12.6,Mbits/sec
15.2,Mbits/sec
13.9,Mbits/sec
13.9,Mbits/sec
5.44,Mbits/sec
17.8,Mbits/sec
15.1,Mbits/sec
13,Mbits/sec
13.6,Mbits/sec
14.5,Mbits/sec
14.1,Mbits/sec
13.8,Mbits/sec
13.7,Mbits/sec
14.7,Mbits/sec
14.4,Mbits/sec
12.7,Mbits/sec
14.4,Mbits/sec
12.7,Mbits/sec
13.7,Mbits/sec
12.8,Mbits/sec
11.3,Mbits/sec
16.1,Mbits/sec
14.3,Mbits/sec
13.6,Mbits/sec
14.9,Mbits/sec
13.9,Mbits/sec
14.4,Mbits/sec
14.3,Mbits/sec
13.3,Mbits/sec
14.6,Mbits/sec
12.9,Mbits/sec
12,Mbits/sec
11.4,Mbits/sec
10.2,Mbits/sec
8.49,Mbits/sec
7.82,Mbits/sec
18.1,Mbits/sec
12.5,Mbits/sec
13.3,Mbits/sec
15.1,Mbits/sec
13.1,Mbits/sec
14.5,Mbits/sec
11.7,Mbits/sec
16.9,Mbits/sec
14.7,Mbits/sec
14.3,Mbits/sec
13.9,Mbits/sec
13.9,Mbits/sec
14.1,Mbits/sec
14.3,Mbits/sec
13.9,Mbits/sec
13.8,Mbits/sec
14.2,Mbits/sec
6.89,Mbits/sec
13.6,Mbits/sec
14.9,Mbits/sec
12.5,Mbits/sec
13.1,Mbits/sec
14.3,Mbits/sec
14.5,Mbits/sec
13.9,Mbits/sec
14.1,Mbits/sec
13.3,Mbits/sec
14.9,Mbits/sec
13.3,Mbits/sec
15,Mbits/sec
13.4,Mbits/sec
14.6,Mbits/sec
14,Mbits/sec
14.4,Mbits/sec
12.7,Mbits/sec
13.3,Mbits/sec
14.7,Mbits/sec
13.8,Mbits/sec
14.9,Mbits/sec
13.3,Mbits/sec
13.6,Mbits/sec
15.7,Mbits/sec
14,Mbits/sec
14,Mbits/sec
14.4,Mbits/sec
14,Mbits/sec
13.8,Mbits/sec
14.6,Mbits/sec
14.1,Mbits/sec
11.3,Mbits/sec
6.21,Mbits/sec
18.2,Mbits/sec
6.98,Mbits/sec
7.38,Mbits/sec
8.17,Mbits/sec
4.09,Mbits/sec
877,Kbits/sec
5.2,Mbits/sec
3.7,Mbits/sec
3.2,Mbits/sec
2.57,Mbits/sec
3.15,Mbits/sec
4.3,Mbits/sec
4.84,Mbits/sec
5.42,Mbits/sec
6.17,Mbits/sec
7.12,Mbits/sec
8.22,Mbits/sec
8.93,Mbits/sec
7.8,Mbits/sec
7.61,Mbits/sec
9.87,Mbits/sec
9.32,Mbits/sec
9.09,Mbits/sec
10.6,Mbits/sec
7.77,Mbits/sec
14.1,Mbits/sec
9.41,Mbits/sec
10.6,Mbits/sec
9.64,Mbits/sec
10.6,Mbits/sec
13.7,Mbits/sec
12.5,Mbits/sec
11.4,Mbits/sec
10.1,Mbits/sec
9.68,Mbits/sec
11.4,Mbits/sec
12.8,Mbits/sec
14,Mbits/sec
12.9,Mbits/sec
14.4,Mbits/sec
13.1,Mbits/sec
14,Mbits/sec
12.9,Mbits/sec
13,Mbits/sec
13.2,Mbits/sec
14.9,Mbits/sec
14,Mbits/sec
14.5,Mbits/sec
10.5,Mbits/sec
17,Mbits/sec
15.2,Mbits/sec
14.1,Mbits/sec
14.4,Mbits/sec
14.1,Mbits/sec
14.3,Mbits/sec
15.1,Mbits/sec
13.6,Mbits/sec
14.7,Mbits/sec
14.3,Mbits/sec
13.1,Mbits/sec
12,Mbits/sec
14.2,Mbits/sec
13.7,Mbits/sec
14.3,Mbits/sec
13.8,Mbits/sec
13.8,Mbits/sec
12.3,Mbits/sec
8.7,Mbits/sec
3.16,Mbits/sec
16.1,Mbits/sec
5.79,Mbits/sec
6.3,Mbits/sec
5.76,Mbits/sec
6.67,Mbits/sec
10.4,Mbits/sec
8.61,Mbits/sec
13.8,Mbits/sec
11.8,Mbits/sec
13.9,Mbits/sec
11.3,Mbits/sec
13.3,Mbits/sec
14.2,Mbits/sec
13.2,Mbits/sec
14,Mbits/sec
14.3,Mbits/sec
15,Mbits/sec
14.5,Mbits/sec
13.9,Mbits/sec
13.6,Mbits/sec
13.2,Mbits/sec
14.9,Mbits/sec
14.2,Mbits/sec
14.2,Mbits/sec
14.2,Mbits/sec
14.2,Mbits/sec
13.6,Mbits/sec
13.9,Mbits/sec
12,Mbits/sec
7.37,Mbits/sec
18.9,Mbits/sec
14,Mbits/sec
12.9,Mbits/sec
13.7,Mbits/sec
14,Mbits/sec
14.1,Mbits/sec
14,Mbits/sec
14.1,Mbits/sec
14.1,Mbits/sec
14.1,Mbits/sec
13,Mbits/sec
13.7,Mbits/sec
14.1,Mbits/sec
14.2,Mbits/sec
14,Mbits/sec
14.1,Mbits/sec
14.2,Mbits/sec
5.48,Mbits/sec
18.7,Mbits/sec
14.2,Mbits/sec
14.4,Mbits/sec
14.1,Mbits/sec
14.7,Mbits/sec
14.6,Mbits/sec
14.3,Mbits/sec
13.7,Mbits/sec
14,Mbits/sec
14.2,Mbits/sec
14.4,Mbits/sec
14.5,Mbits/sec
13.7,Mbits/sec
13.3,Mbits/sec
12.9,Mbits/sec
13.3,Mbits/sec
12.6,Mbits/sec
7.11,Mbits/sec
19.5,Mbits/sec
14.1,Mbits/sec
14.8,Mbits/sec
14.4,Mbits/sec
13.6,Mbits/sec
6.54,Mbits/sec
18.4,Mbits/sec
11.9,Mbits/sec
14.9,Mbits/sec
14.3,Mbits/sec
13.9,Mbits/sec
15.2,Mbits/sec
14.5,Mbits/sec
14.4,Mbits/sec
15.1,Mbits/sec
14.7,Mbits/sec
14.6,Mbits/sec
13.7,Mbits/sec
15.5,Mbits/sec
13.7,Mbits/sec
15,Mbits/sec
14.3,Mbits/sec
14.7,Mbits/sec
13.7,Mbits/sec
14.9,Mbits/sec
9.07,Mbits/sec
8.28,Mbits/sec
19.6,Mbits/sec
12.4,Mbits/sec
9.27,Mbits/sec
8.48,Mbits/sec
13,Mbits/sec
14.4,Mbits/sec
14.7,Mbits/sec
12.5,Mbits/sec
6.54,Mbits/sec
10.1,Mbits/sec
9.19,Mbits/sec
12.7,Mbits/sec
10.2,Mbits/sec
13.5,Mbits/sec
16.2,Mbits/sec
12.7,Mbits/sec
15.3,Mbits/sec
14.6,Mbits/sec
13.8,Mbits/sec
14.7,Mbits/sec
11,Mbits/sec
17,Mbits/sec
11.4,Mbits/sec
11.3,Mbits/sec
12.6,Mbits/sec
11.4,Mbits/sec
10,Mbits/sec
10.2,Mbits/sec
10,Mbits/sec
9.59,Mbits/sec
8.49,Mbits/sec
10.5,Mbits/sec
10.6,Mbits/sec
8.05,Mbits/sec
8.5,Mbits/sec
6.85,Mbits/sec
6.78,Mbits/sec
6.6,Mbits/sec
6.4,Mbits/sec
6.92,Mbits/sec
8.08,Mbits/sec
7.55,Mbits/sec
5.95,Mbits/sec
5.48,Mbits/sec
5.72,Mbits/sec
5.48,Mbits/sec
7,Mbits/sec
4.9,Mbits/sec
2.6,Mbits/sec
3.27,Mbits/sec
6.29,Mbits/sec
3.74,Mbits/sec
4.16,Mbits/sec
3.49,Mbits/sec
5.55,Mbits/sec
7,Mbits/sec
3.22,Mbits/sec
6.77,Mbits/sec
5.33,Mbits/sec
8.56,Mbits/sec
6.88,Mbits/sec
8.6,Mbits/sec
8.29,Mbits/sec
7.34,Mbits/sec
0,bits/sec
11.7,Mbits/sec
10.3,Mbits/sec
5.52,Mbits/sec
249,Kbits/sec
2.94,Mbits/sec
0,bits/sec
20.3,Mbits/sec
4.16,Mbits/sec
5.55,Mbits/sec
5.37,Mbits/sec
6.71,Mbits/sec
6.79,Mbits/sec
5.17,Mbits/sec
6.79,Mbits/sec
5.89,Mbits/sec
5.23,Mbits/sec
5.77,Mbits/sec
6.81,Mbits/sec
8.31,Mbits/sec
7.85,Mbits/sec
4.89,Mbits/sec
7.81,Mbits/sec
9.41,Mbits/sec
11.7,Mbits/sec
8.35,Mbits/sec
12.6,Mbits/sec
9.45,Mbits/sec
14.3,Mbits/sec
15.3,Mbits/sec
14.5,Mbits/sec
15.3,Mbits/sec
14.1,Mbits/sec
5.12,Mbits/sec
10.9,Mbits/sec
9.65,Mbits/sec
10.5,Mbits/sec
6.17,Mbits/sec
9.35,Mbits/sec
3.32,Mbits/sec
5.67,Mbits/sec
3.64,Mbits/sec
5.33,Mbits/sec
7.31,Mbits/sec
8.07,Mbits/sec
5.35,Mbits/sec
7.31,Mbits/sec
7.84,Mbits/sec
4.39,Mbits/sec
6.76,Mbits/sec
5.55,Mbits/sec
8.08,Mbits/sec
8.46,Mbits/sec
7.32,Mbits/sec
8.49,Mbits/sec
5.56,Mbits/sec
6.67,Mbits/sec
6.85,Mbits/sec
9.32,Mbits/sec
7.91,Mbits/sec
6.88,Mbits/sec
7.48,Mbits/sec
8.41,Mbits/sec
6.35,Mbits/sec
8.12,Mbits/sec
9.72,Mbits/sec
13,Mbits/sec
10.4,Mbits/sec
6.31,Mbits/sec
7.44,Mbits/sec
12.1,Mbits/sec
43.3,Kbits/sec
11.8,Mbits/sec
1.78,Mbits/sec
8.39,Mbits/sec
6.33,Mbits/sec
5.74,Mbits/sec
5.38,Mbits/sec
5.84,Mbits/sec
6.74,Mbits/sec
7.79,Mbits/sec
6.81,Mbits/sec
8.76,Mbits/sec
8.43,Mbits/sec
6.03,Mbits/sec
9.22,Mbits/sec
8.35,Mbits/sec
10,Mbits/sec
0,bits/sec
8.36,Mbits/sec
4.03,Mbits/sec
8.66,Mbits/sec
4.35,Mbits/sec
7.76,Mbits/sec
8.81,Mbits/sec
9.14,Mbits/sec
9.97,Mbits/sec
6.79,Mbits/sec
5.42,Mbits/sec
1.49,Mbits/sec
3.76,Mbits/sec
10.1,Mbits/sec
8.76,Mbits/sec
7.46,Mbits/sec
5.91,Mbits/sec
5.19,Mbits/sec
3.99,Mbits/sec
4.16,Mbits/sec
4.47,Mbits/sec
8.21,Mbits/sec
8.39,Mbits/sec
7.82,Mbits/sec
7.86,Mbits/sec
8.44,Mbits/sec
10.2,Mbits/sec
7.5,Mbits/sec
6.34,Mbits/sec
9.63,Mbits/sec
9.58,Mbits/sec
10.3,Mbits/sec
10,Mbits/sec
11.9,Mbits/sec
12.8,Mbits/sec
13.5,Mbits/sec
11,Mbits/sec
4.99,Mbits/sec
18.7,Mbits/sec
4.19,Mbits/sec
8.65,Mbits/sec
10.7,Mbits/sec
8.91,Mbits/sec
11.2,Mbits/sec
10.6,Mbits/sec
3.91,Mbits/sec
0,bits/sec
0,bits/sec
10.8,Kbits/sec
108,Kbits/sec
6.11,Mbits/sec
0,bits/sec
0,bits/sec
2.46,Mbits/sec
6.42,Mbits/sec
0,bits/sec
0,bits/sec
0,bits/sec
0,bits/sec
0,bits/sec
0,bits/sec
0,bits/sec
0,bits/sec
0,bits/sec
0,bits/sec
6.16,Mbits/sec
3.6,Mbits/sec
1.51,Mbits/sec
292,Kbits/sec
0,bits/sec
705,Kbits/sec
466,Kbits/sec
108,Kbits/sec
0,bits/sec
0,bits/sec
585,Kbits/sec
4.39,Mbits/sec
3.56,Mbits/sec
4.15,Mbits/sec
4.48,Mbits/sec
4.85,Mbits/sec
6.46,Mbits/sec
4.92,Mbits/sec
2.26,Mbits/sec
152,Kbits/sec
877,Kbits/sec
1.66,Mbits/sec
1.06,Mbits/sec
997,Kbits/sec
964,Kbits/sec
1.04,Mbits/sec
1.05,Mbits/sec
1.05,Mbits/sec
1.17,Mbits/sec
1.02,Mbits/sec
639,Kbits/sec
1.29,Mbits/sec
910,Kbits/sec
953,Kbits/sec
1.09,Mbits/sec
1.27,Mbits/sec
1.27,Mbits/sec
1.28,Mbits/sec
942,Kbits/sec
899,Kbits/sec
1.18,Mbits/sec
704,Kbits/sec
1.2,Mbits/sec
1.02,Mbits/sec
791,Kbits/sec
1.13,Mbits/sec
867,Kbits/sec
1.02,Mbits/sec
1.04,Mbits/sec
932,Kbits/sec
1.04,Mbits/sec
1.13,Mbits/sec
1.1,Mbits/sec
997,Kbits/sec
1.21,Mbits/sec
1.06,Mbits/sec
1.28,Mbits/sec
747,Kbits/sec
888,Kbits/sec
715,Kbits/sec
769,Kbits/sec
726,Kbits/sec
780,Kbits/sec
942,Kbits/sec
877,Kbits/sec
758,Kbits/sec
715,Kbits/sec
693,Kbits/sec
899,Kbits/sec
867,Kbits/sec
986,Kbits/sec
1.1,Mbits/sec
812,Kbits/sec
758,Kbits/sec
910,Kbits/sec
877,Kbits/sec
823,Kbits/sec
932,Kbits/sec
422,Kbits/sec
520,Kbits/sec
357,Kbits/sec
1.84,Mbits/sec
4.4,Mbits/sec
5.92,Mbits/sec
6.48,Mbits/sec
5.96,Mbits/sec
5.89,Mbits/sec
5.49,Mbits/sec
4.9,Mbits/sec
5,Mbits/sec
6.64,Mbits/sec
4.86,Mbits/sec
6.28,Mbits/sec
8.16,Mbits/sec
8.6,Mbits/sec
6.1,Mbits/sec
0,bits/sec
11.9,Mbits/sec
10.1,Mbits/sec
2.15,Mbits/sec
8.83,Mbits/sec
2.45,Mbits/sec
10.8,Kbits/sec
12.8,Mbits/sec
5.92,Mbits/sec
9.42,Mbits/sec
8.06,Mbits/sec
747,Kbits/sec
10.3,Mbits/sec
5.29,Mbits/sec
6.1,Mbits/sec
5.91,Mbits/sec
6.47,Mbits/sec
6.12,Mbits/sec
8.56,Mbits/sec
8.61,Mbits/sec
7.36,Mbits/sec
8.36,Mbits/sec
9.15,Mbits/sec
9.32,Mbits/sec
10.5,Mbits/sec
9.73,Mbits/sec
9.36,Mbits/sec
9.63,Mbits/sec
9.43,Mbits/sec
9.97,Mbits/sec
9.48,Mbits/sec
9.88,Mbits/sec
10.1,Mbits/sec
9.28,Mbits/sec
8.04,Mbits/sec
7.85,Mbits/sec
5.43,Mbits/sec
6.41,Mbits/sec
7.82,Mbits/sec
6.47,Mbits/sec
7.05,Mbits/sec
6.31,Mbits/sec
6.56,Mbits/sec
5.5,Mbits/sec
5.48,Mbits/sec
5.73,Mbits/sec
8.18,Mbits/sec
8.74,Mbits/sec
8.46,Mbits/sec
8.94,Mbits/sec
8.78,Mbits/sec
8.98,Mbits/sec
9.45,Mbits/sec
8.76,Mbits/sec
8.82,Mbits/sec
8.15,Mbits/sec
9.08,Mbits/sec
9.43,Mbits/sec
9.56,Mbits/sec
9.53,Mbits/sec
9.92,Mbits/sec
10.6,Mbits/sec
10.4,Mbits/sec
8.12,Mbits/sec
9.21,Mbits/sec
10.1,Mbits/sec
9.75,Mbits/sec
1.62,Mbits/sec
4.02,Mbits/sec
3.68,Mbits/sec
5.04,Mbits/sec
6.08,Mbits/sec
4.24,Mbits/sec
7.51,Mbits/sec
3.08,Mbits/sec
2.77,Mbits/sec
7,Mbits/sec
8.4,Mbits/sec
8.64,Mbits/sec
7.83,Mbits/sec
8.91,Mbits/sec
9.15,Mbits/sec
8.42,Mbits/sec
8.15,Mbits/sec
8.29,Mbits/sec
8.52,Mbits/sec
9.48,Mbits/sec
8.76,Mbits/sec
8.77,Mbits/sec
5.01,Mbits/sec
7.07,Mbits/sec
7.44,Mbits/sec
7.31,Mbits/sec
8.11,Mbits/sec
8.12,Mbits/sec
8.64,Mbits/sec
8.12,Mbits/sec
8.14,Mbits/sec
8.77,Mbits/sec
6.42,Mbits/sec
8.45,Mbits/sec
7.44,Mbits/sec
5.22,Mbits/sec
10.6,Mbits/sec
8.83,Mbits/sec
8.17,Mbits/sec
9,Mbits/sec
8.74,Mbits/sec
7.52,Mbits/sec
7.56,Mbits/sec
7.78,Mbits/sec
7.57,Mbits/sec
6.9,Mbits/sec
6.76,Mbits/sec
8.43,Mbits/sec
7.26,Mbits/sec
7.28,Mbits/sec
9.21,Mbits/sec
8.33,Mbits/sec
7.62,Mbits/sec
9.67,Mbits/sec
12.4,Mbits/sec
14.2,Mbits/sec
12.1,Mbits/sec
12.7,Mbits/sec
14.6,Mbits/sec
13,Mbits/sec
12.9,Mbits/sec
13.2,Mbits/sec
14.1,Mbits/sec
13.7,Mbits/sec
13.9,Mbits/sec
14.1,Mbits/sec
13.3,Mbits/sec
15.5,Mbits/sec
13.5,Mbits/sec
12.5,Mbits/sec
14.7,Mbits/sec
13.9,Mbits/sec
14.4,Mbits/sec
14.2,Mbits/sec
14.7,Mbits/sec
14.5,Mbits/sec
13.7,Mbits/sec
15.2,Mbits/sec
14.2,Mbits/sec
14.9,Mbits/sec
11.6,Mbits/sec
15.5,Mbits/sec
12.7,Mbits/sec
14.8,Mbits/sec
14.6,Mbits/sec
13.5,Mbits/sec
15.4,Mbits/sec
14.6,Mbits/sec
14.2,Mbits/sec
14.6,Mbits/sec
14.7,Mbits/sec
14.9,Mbits/sec
13.5,Mbits/sec
13.8,Mbits/sec
14.7,Mbits/sec
14.3,Mbits/sec
13.9,Mbits/sec
15,Mbits/sec
14.7,Mbits/sec
14.7,Mbits/sec
14.6,Mbits/sec
14.5,Mbits/sec
14.5,Mbits/sec
13.4,Mbits/sec
14.4,Mbits/sec
15.2,Mbits/sec
14.2,Mbits/sec
14,Mbits/sec
15.3,Mbits/sec
14.6,Mbits/sec
11.8,Mbits/sec
8.08,Mbits/sec
18.9,Mbits/sec
14,Mbits/sec
14.2,Mbits/sec
14.4,Mbits/sec
14.3,Mbits/sec
14.5,Mbits/sec
14.8,Mbits/sec
14.3,Mbits/sec
14.5,Mbits/sec
7.53,Mbits/sec
12.9,Mbits/sec
16.5,Mbits/sec
14.4,Mbits/sec
13.4,Mbits/sec
14.6,Mbits/sec
13.3,Mbits/sec
15.6,Mbits/sec
14.4,Mbits/sec
13.4,Mbits/sec
14.4,Mbits/sec
13.9,Mbits/sec
13.4,Mbits/sec
15.8,Mbits/sec
8.66,Mbits/sec
19.1,Mbits/sec
14.9,Mbits/sec
14.9,Mbits/sec
14.8,Mbits/sec
14.7,Mbits/sec
14,Mbits/sec
14.7,Mbits/sec
15,Mbits/sec
14.6,Mbits/sec
15.2,Mbits/sec
